﻿{
  "configurations": [
    {
      "name": "Windows-Debug",
      "generator": "Ninja",
      "configurationType": "Debug",
      "cmakeExecutable": "cmake",
      "inheritEnvironments": [ "msvc_x64" ],
      "rsyncCommandArgs": "-t --delete --delete-excluded",
      "buildRoot": "${projectDir}\\out\\build\\${name}",
      "installRoot": "${projectDir}\\out\\install\\${name}",
      "cmakeCommandArgs": "",
      "buildCommandArgs": "",
      "ctestCommandArgs": ""
    },
    {
      "name": "Windows-Release",
      "generator": "Ninja",
      "configurationType": "Release",
      "cmakeExecutable": "cmake",
      "inheritEnvironments": [ "msvc_x64" ],
      "rsyncCommandArgs": "-t --delete --delete-excluded",
      "buildRoot": "${projectDir}\\out\\build\\${name}",
      "installRoot": "${projectDir}\\out\\install\\${name}",
      "cmakeCommandArgs": "",
      "buildCommandArgs": "",
      "ctestCommandArgs": ""
    },
    {
      "name": "Linux-x64-Debug",
      "generator": "Unix Makefiles",
      "configurationType": "Debug",
      "cmakeExecutable": "cmake",
      "inheritEnvironments": [ "linux_x64" ],
      "remoteMachineName": "-1525040772;192.168.28.136 (username=root, port=22, authentication=Password)",
      "remoteCMakeListsRoot": "$HOME/.vs/${projectDirName}/${workspaceHash}/src",
      "remoteBuildRoot": "$HOME/.vs/${projectDirName}/${workspaceHash}/out/build/${name}",
      "remoteInstallRoot": "$HOME/.vs/${projectDirName}/${workspaceHash}/out/install/${name}",
      "remoteCopySources": true,
      "rsyncCommandArgs": "-t --delete --delete-excluded",
      "buildRoot": "${projectDir}\\out\\build\\${name}",
      "installRoot": "${projectDir}\\out\\install\\${name}",
      "cmakeCommandArgs": "",
      "buildCommandArgs": "",
      "ctestCommandArgs": ""
    }
  ]
}